OBJECTID,COD_SIG,IDTIPO,INF_NOME,INF_MORADA,INF_TELEFONE,INF_FAX,INF_EMAIL,INF_SITE,INF_DESCRICAO,INF_FONTE,INF_MUNICIPAL,GlobalID
1,3100411001001,2,Teatro Nacional D. Maria II,Praça D. Pedro IV,+351 213 250 800 / 835,,,www.teatro-dmaria.pt,"Graças aos esforços de Almeida Garrett, este teatro foi construído a partir de 1842, segundo projeto do arq. italiano Fortunato Lodi, e inaugurado em 13 de Abril de 1846, por ocasião das comemorações do 27º aniversário de D. Maria II, passando por isso a exibir o seu nome na designação oficial. Designação essa, interrompida entre 1910 e 1939, altura em que passou a ser designado por Teatro Nacional de Almeida Garrett. Edificado no local onde fora o Palácio dos Estaus, antiga Sede da Inquisição, este teatro é uma das obras mais emblemáticas do neoclassicismo de raiz palladiana em Lisboa. De planta retangular, volumetria paralelepipédica e corpos adossados, apresenta superfícies planas rasgadas por vãos simétricos, que exibem uma decoração simplificada. Na fachada principal merecem destaque o pórtico com seis colunas jónicas provenientes do extinto Convento de São Francisco da Cidade, um friso decorativo e um frontão triangular com tímpano esculpido, encimado por três estátuas em acrotério (Gil Vicente, Thalia e Melpomene). Objeto de um grande incêndio em 1964, que destruiu todo o seu interior e cobertura, o edifício viria a ser totalmente reconstruído, respeitando o seu estilo primitivo, tendo reaberto as portas em 1978. Classificado inicialmente como Imóvel de Interesse Público, foi reclassificado para Monumento Nacional.","Teatro D. Maria II; URL",0,0200ef6e-7997-462d-beaa-ee7dc9a540a8
2,2301701019001,2,Edifício-Sede e Parque da Fundação Calouste Gulbenkian,"Avenida de Berna, 45",,,,,"Esta Fundação é uma instituição portuguesa de direito privado e utilidade pública,cujos fins estatutários são a Educação,a Ciência,a Beneficiência e as Artes.Criada por diposição testamentária de Calouste Sarkis Gulbenkian,os seus estatutos foram aprovados em 1956.Com sede em Lisboa,as suas instalações,edifício-sede e museu,projectadas pelos arqs.Ruy Athouguia,Pedro Cid e Alberto Pessoa,foram inauguradas em 1969,integrando áreas reservadas à Administração e Serviços,um Grande Auditório,espaços de exposições temporárias,uma zona de congressos com auditórios e salas,e um amplo edifício que acolhe o Museu Calouste Gulbenkian e a Biblioteca Geral de Arte.Em 1983,foi inaugurado um outro complexo arquitectónico,o Centro de Arte Moderna José Azeredo Perdigão,que compreende um Museu de Arte Moderna e Contemporânea,um Sector Educativo e um Sector de Animação.Todos estes edifícios estão integrados no Parque Gulbenkian,que ocupa uma área de 9 hectares e foi projectado pelo arq. paisagista Ribeiro Telles.Este todo arquitectónico e paisagístico,articulado harmoniosamente,recebeu o Prémio Valmor em 1975.O Edifício-Sede e o Parque da Fundação encontram-se classificados como Monumento Nacional.
",-,0,bf8d6a9c-5d02-43d6-bf08-39a0f87097dd
3,4601204017001,2,Reservatório da Mãe d'Água das Amoreiras,Praça das Amoreiras,+351 218 100 215,,mda.epal@adp.pt,http://www.epal.pt,"Depósito terminal do Aqueduto que D. João V mandou construir, projetado por Carlos Mardel, em 1745,foi concluído em 1834. Monumento Nacional, composto pela Casa das Águas Livres e pela Casa do Registo, é um edifício imponente e sólido, de planta quadrangular, com volumetria quase cúbica, tendo adossado um corpo saliente.Coberto por terraço,as suas fachadas, com pilastras junto aos vértices, são rasgadas por janelas verticais, rematadas em arco pleno. A coroar todo o edifício, uma cornija com carrancas animalistas é encimada por platibanda. No interior destaca-se a sucessão de arcos de volta perfeita assentes em robustos pilares de pedra, o tanque reservatório e a cascata,jorrando a água da boca de um golfinho. Atualmente está musealizado e é palco dos mais diversos eventos culturais.",CICL,0,86dee1fc-b0ce-4cae-98b8-5a129400b1ad
4,4601204017001,2,"Aqueduto das Águas Livres, seus aferentes e correlacionados ","Concelhos de Lisboa, Amadora, Odivelas, Oeiras e Sintra; Calçada Bento da Rocha Cabral, 7 e Praça das Amoreiras, 10 (Mãe d'Água (EPAL)) ",+351 218 100 215,,mda.epal@adp.pt,www.epal.pt,"O Aqueduto é uma obra notável de engenharia hidráulica, concebida para celebrar a entrada da água em Lisboa. Iniciado em 1732, no reinado de D. João V, em estilo barroco e neoclássico, contou com a participação de arquitectos como Cannevari, Manuel da Maia, Custódio Vieira e Carlos Mardel.Desde a nascente, a 2 km de Belas, até à Mãe d'Água das Amoreiras, incluindo os ramais, o Aqueduto estende-se por cerca de 59 km. Merecem destaque: a Arcaria do Vale de Alcântara, com 35 arcos (21 plenos e 14 quebrados); o Arco das Amoreiras, em forma de arco triunfal, tendo como base um arco pleno ladeado por pilastras dóricas, que suportam um entablamento com lápide votiva e frontão triangular; e a Mãe d'Água das Amoreiras,reservatório de recepção (ver registo separado). A funcionar desde 1748, foi desactivado no 3º quartel do séc. XX, tendo sido reaberto ao passeio público em 1986. A Classificação como Monumento Nacional abrange o Aqueduto das Águas Livres, seus aferentes e correlacionados.",CICL,0,cf247e78-18d1-4e60-a41a-e7440173845b
5,3800805001001,2,Paços de São Cristóvão (Porta lateral),"Largo de São Cristóvão, 1; Rua do Regedor, 2",,,,,"Formado por arquitectura nobre e religiosa, este conjunto, atesta bem a importância que o local teve desde a idade média até à reforma pombalina.Aqui habitou D. Leonor,filha de D. Duarte,a partir de 1451,após aí ter celebrado o seu casamento,(por procuração),com Frederico III,Imperador da Alemanha.Posteriormente,o Paço de S. Cristóvão transformou-se na residência dos Condes de Aveiras e Marqueses de Vagos,Morgados do Regedor,o qual deu o nome à rua onde o imóvel se encontra implantado.Do paço primitivo ficou apenas o portal lateral gótico,quatrocentista,de colunas torsas,incluindo a do travejamento,único elemento do conjunto classificado como Monumento Nacional.Apesar de ter sido reformulado no reinado de D. João V,o adiantado estado de degradação em que o deixou o terramoto de 1755 levou a que se efectuassem obras de reconstrução,das quais subsistiu a fachada principal,com cantarias e janelas joaninas.Em 1864,o Marquês de Vagos vendeu o seu palácio,o qual foi objecto de novas intervenções,tanto no séc. XIX,como no séc. XX,dando lugar ao acrescento de pavilhões anexos e de novos andares,conferindo o aspecto actual ao edifício,pertencente à Associação de Socorros Mútuos de Empregados de Comércio de Lisboa,desde 1913.",CICL,0,f7225264-3011-4677-ac85-e29b0172c321
6,5200305001001,2,Sé de Lisboa (Igreja de Santa Maria Maior),Largo da Sé,,,,,"Classificada como Monumento Nacional, é também conhecida por Igreja de Sta. Maria Maior. Edificada após a reconquista da cidade aos mouros, em 1147, foi construída sobre uma antiga mesquita muçulmana, tendo adoptado um esquema idêntico ao da Sé de Coimbra, com 3 naves, trifório sobre as naves laterais, transepto saliente e cabeceira tripartida. Com predomínio do estilo românico-gótico e alguns pormenores barrocos e neoclássicos, a Sé é o resultado de sucessivas intervenções, sendo que as campanhas de restauro da 1ª metade do séc. XX procuraram devolver-lhe a sua traça medieval. No interior destacam-se: a Capela de Bartolomeu de Joanes; o claustro gótico dionisino; a cabeceira com deambulatório; e as escavações sob o claustro,(desde 1990), que puseram a descoberto as sucessivas ocupações deste espaço (até à época islâmica).",CICL,0,bcf4f5fe-a94f-4da5-8d43-1000634bd652
7,5200304001001,2,Igreja de Santo António de Lisboa,Largo de Santo António da Sé,+351 218 869 145,,,,"Igreja reconstruida, a partir de 1767, segundo risco de Mateus Vicente de Oliveira, sensivelmente no mesmo local do templo primitivo, destruído pelo terramoto. Monumento Nacional, é um edifício tardo-barroco de linhas sinuosas marcadas no desenho do frontão e da escadaria. Com planta longitudinal, em cruz latina, apresenta nave única, coberta por abóbada de berço, recorrendo à utilização abundante dos mármores. Do recheio da igreja destacam-se: as telas de Pedro Alexandrino de Carvalho, localizadas no transepto; as grades neomedievais do arqº Vasco Regaleira a imitar a célebre grade da Sé de Lisboa; o programa azulejar da sacristia, da 2ª metade do séc. XVIII; a imagem de Sto. António recuperada do templo inicial; e a pequena cripta que simboliza, segundo a tradição, o local de nascimento de Santo António. Tem em anexo um museu, Museu Antoniano, dedicado à iconografia do Santo.",CICL,1,1431beae-5ecc-4f87-9385-370bca7cfd46
8,2700301048001,2,Igreja do Convento do Carmo,Largo do Carmo,,,,,"Antigo convento carmelita de Nossa Senhora do Vencimento do Monte do Carmo, mandado construir, em 1389, pelo Condestável D. Nuno Álvares Pereira, ficou concluído nas primeiras décadas do séc. XV. Profundamente afetado pelo terramoto de 1755, não voltou a ser reconstruído, embora intervenções posteriores tenham alterado a sua feição inicial. Traduz uma arquitetura religiosa ""gótica"", de influência batalhina, e romântica pelo seu carácter de ruína. Da fachada da igreja subsistiu o óculo original, assim como o portal de arco quebrado com seis arquivoltas sobre colunas de capitéis vegetalistas, coroados por rostos humanos. Tinha planta em cruz latina, três naves com cinco tramos, transepto saliente e cabeceira escalonada com capela-mor ladeada por quatro absidíolos. As ruínas da igreja acolhem, desde 1864, a sede e o espólio museológico da Associação dos Arqueólogos Portugueses - Museu Arqueológico do Carmo (MAC). Na parte conventual está instalado um quartel da GNR. Para além da Igreja estar classificada como Monumento Nacional, Igreja e Convento fazem parte da Lisboa Pombalina, que está classificada como Conjunto de Interesse Público.",Diário da República,0,ccdbeadf-e27c-474b-bdbe-3845585b8f38
9,3202701025001,2,Palácio Nacional de Belém (conjunto intramuros),Praça Afonso de Albuquerque,+351 213 614 660,,museu@presidencia.pt,www.museu.presidencia.pt,"O início da sua construção remonta ao séc. XVI por iniciativa de  D. Manuel de Portugal. Em 1726, D. João V, tendo adquirido a propriedade, procede a melhoramentos, resultando um palácio de recreio com jardim. O edifício só foi verdadeiramente habitado por D. José I, que aí se encontrava à data do terramoto de 1755. Afectado pelo sismo, sofreu obras de recuperação. Por iniciativa do Infante D. João iniciou-se, em 1787, a construção do Picadeiro de Belém, actual Museu dos Coches, de gosto neoclássico. A partir de 1890 destinou-se à instalação de convidados estrangeiros, até que com a queda da monarquia, em 1910, tornou-se na residência oficial do Presidente da República. De feição barroca e neoclássica, este edifício foi classificado como Imóvel de Interesse Público em Janeiro de 1967, classificação essa revogada a favor de uma classificação como Monumento Nacional desde Agosto de 2007, incluindo não só o edifício do Palácio, os respectivos jardins, lagos e estatuária, assim como o Jardim Botânico Tropical (Ex Jardim-Museu Agrícola Tropical),o Picadeiro (Museu Nacional dos Coches), as adições recentes, nomeadamente a nova ala de serviços e o novo Museu da Presidência da República, e o património integrado do palácio. Tem como referência obrigatória os belos jardins, os Pátios das Damas e dos Bichos, e as Salas das Bicas, Dourada, do Império e Luís XV. Como decoração geral apresenta temática mitológica e alguns painéis azulejares setecentistas. Merece ainda um especial destaque, o conjunto de quadros da autoria da pintora Paula Rego integrado na capela.",CICL,0,77fa959b-e397-45c3-a59c-c3759f344fe5
10,2106718019001,2,Portal e Galilé da Igreja de Chelas,"Largo de Chelas, Igreja e Convento de Chelas",,,,,"Antigo Convento de S. Félix e Sto. Adrião de Chelas, em virtude de acolher as relíquias destes santos mártires, que a partir de 1290 ficou na posse da Ordem de Sto. Agostinho. As suas origens remontam a uma ocupação visigótica sobre antigas estruturas romanas, embora as primeiras evidências materiais que subsistem datam do séc. X. Objecto de várias campanhas de obras, nomeadamente românica, gótica e manuelina, merecem destaque desta última os dois únicos elementos classificados como Monumento Nacional: a galilé de acesso à igreja, integralmente revestida com azulejos seiscentistas, de onde sobressai o portal manuelino, enquadrado por um tapete de cerâmica polícroma. Em 1604, o convento foi reconstruído na íntegra e, após o terramoto de 1755, a igreja seguiu o mesmo exemplo, aproveitando-se pouco mais do que a sua fachada, tendo sido enriquecida, no interior, com valiosa obra de talha. Um incêndio terá destruído a sua decoração, pelo que restam, apenas, os azulejos polícromos do átrio, o pórtico e a galilé como motivos de interesse. Após a extinção das ordens religiosas o edifício conventual, bastante modificado, foi adaptado a fábrica de pólvora e, a partir de 1898, a Arquivo Geral do Exército. No entanto, manteve as características essenciais da intervenção do início de Seiscentos, um claustro com uma fonte, bancos de espaldar inclinados, alegretes com azulejos azuis e brancos, um crucifixo de azulejos com a data de 1667 inscrita na base, para além de todo o património azulejar do séc. XVIII, que ainda se conserva no Museu Arqueológico do Carmo.
",CICL,0,eeeeacd7-4d11-4406-84b0-c31acf47caca
11,4800211005001,2,Núcleo Arqueológico da Rua dos Correeiros (NARC),"Rua dos Correeiros, 9-29; Rua Augusta, 76-96",,,,,"Um pequeno museu que revela a riqueza arqueológica que existe sob a Baixa Pombalina,pondo à vista vestígios de diversas épocas,mas principalmente romanos.No local foram encontrados vestígios das primeiras habitações da cidade ibero-púnica (séc. V a.C.),passando pelos períodos romano,árabe,medieval,quinhentista,até ao séc. XVIII.Outro motivo de interesse é o facto de se poder ver a base da estrutura de gaiola,aplicada pelos engenheiros setecentistas,a qual permite resistir a terramotos como o de 1755,que destruiu a cidade.Podemos observar e admirar estruturas sobrepostas de períodos históricos desde o Púnico ao Medieval e o Pombalino,para além de um espólio de várias épocas,em particular a romana (mosaicos,tanques de salga,cerâmicas e restos humanos),dispostas de modo a mostrar as várias fases da ocupação da zona da Baixa.As visitas guiadas são de 45 minutos (também em inglês e francês). Encontra-se classificado como Monumento Nacional (Sítio de Interesse Nacional).",-,0,88b801f9-d645-4f2a-8e57-6224611a62df
12,3601103001001,2,Igreja de Santo Estêvão,"Largo de Santo Estêvão, Igreja",,,,,"Com origem num templo do séc. XII,foi totalmente reconstruida entre 1733-1740,segundo o risco de Manuel da Costa Negreiros e mais tarde sob orientação de Mateus Vicente de Oliveira.Monumento Nacional e característica do barroco,a sua planta oitavada assenta numa geometria simples de traçado rectangular com os ângulos cortados,conferindo-lhe uma notável originalidade.A sua fachada surge dividida em 3 corpos por pilastras salientes,estando o central rematado por frontão triangular,encimado por cruz e enquadrado por 2 torres.Esta simetria perdeu-se com o Terramoto,que destruiu uma das torres sineiras.No interior destacam-se:o altar-mor com o retábulo de pedra e o grupo escultórico de talha realizado por José de Almeida;os altares laterais;a estatuária;e os azulejos da sacristia velha.",CICL,0,2969c6af-c3a6-4da5-bef8-59f780d17e04
13,0202501014001,2,Capela de Santo Amaro,"Escadinhas de Santo Amaro, Ermida de Santo Amaro",,,,,"Pequeno templo renascentista,datado de 1549,conforme inscrição sobre a porta principal.Classificada como Monumento Nacional,apresenta planta centralizada composta por capela-mor e nave circular,ladeada pela sacristia à direita e pela antiga casa de despacho à esquerda,precedida por três portões de entrada em ferro forjado,datados do séc. XVIII,e por átrio ou galilé semicircular,o que lhe confere uma notável originalidade,reforçada pelo revestimento azulejar polícromo,de finais do séc. XVII,de composição maneirista e proto-barroca,que emoldura e destaca os elementos arquitectónicos.
",CICL,0,ddb9df66-c54e-4fab-a45b-b0a038fb6fea
14,1103004003001,2,"Igreja de Nª Sra. da Luz (Capela-Mor e Sepultura da Infanta D. Maria, Filha do Rei D. Manuel I)","Largo da Luz, IGREJA; Rua da Fonte, 2-4",,,,,"Mandada edificar em 1575 pela Infanta D. Maria, filha de D. Manuel I, foi projectada por Jerónimo de Ruão, com provável intervenção de seu pai, João de Ruão e de Francisco de Holanda, traduzindo um templo maneirista, estilo chão, com uma fachada monumental de dois pisos, que sofreu grande ruína com o terramoto de 1755. Subsistiu apenas a capela-mor, o arco do cruzeiro e parte das paredes. A actual fachada foi construída em 1870, sob projecto do arquitecto Valentim Correia. No interior merecem destaque: a capela-mor com abóbada de berço, decorada com caixotões marmóreos ornados com motivos de quadrelas inspiradas nos modelos de Sebastiano Serlio; a sepultura simples que acolhe os restos mortais da Infanta D. Maria, filha de D. Manuel I; o retábulo maneirista de talha dourada com excelentes pinturas de Francisco Venegas e Diogo Teixeira; o conjunto de mármores embutidos que revestem a banqueta; pelo seu valor estético e iconográfico, os retábulos pintados sobre suporte de madeira representando a Circuncisão e a Fuga para o Egipto, e S. Bento dando a Regra aos frades de Cristo e às freiras da Encarnação; os baixos relevos renascentistas do altar-mor, representando figuras alegóricas; entre outros. Encontram-se ainda, no corpo sul da igreja, vestígios de uma antiga capela, construída pela população em 1463/64, nomeadamente um arco manuelino e azulejos hispano-árabes. A classificação como Monumento Nacional diz respeito à Capela-Mor e à Sepultura da Infanta D. Maria, Filha do rei D. Manuel I.",CICL,0,29206e21-932a-43fc-b464-8fd404723168
15,1200101008001,2,Castelo de São Jorge e restos das Cercas de Lisboa,"Castelo de São Jorge, Torres do Castelejo",,,,,"A colina onde se ergue o Castelo de S. Jorge foi das primeiras áreas ocupadas de Lisboa.Durante a Idade do Ferro e o período romano desempenhou um papel estratégico na defesa do povoado.Ocupado pelos árabes,foi conquistado em 1147 por D. Afonso Henriques.A construção do Paço Real durante a Primeira Dinastia conferiu-lhe uma centralidade política,religiosa,social e cultural,até ao reinado de D. Manuel I,que mandou construir o Paço da Ribeira.Bastante afectado pelo terramoto de 1755,nele se instalou,em 1780,a Casa Pia da Correcção da Corte,cujos edifícios foram,depois das invasões francesas (1807-1810) reparados e ocupados pelos quartéis.Restaurado no final dos anos 30,no âmbito da Exposição do Mundo Português,foi objecto de levantamento de grande parte dos muros e de muitas das torres,o que lhe conferiu um 'carácter medieval',resultante desta intervenção monumental.Em 1994,o Pelouro da Reabilitação Urbana da CML lançou um novo programa de valorização e revitalização deste espaço - o Projecto Integrado do Castelo -,o qual previu um conjunto de acções ao nível arquitectónico,económico,social e cultural.Classificado como Monumento Nacional,destacam-se:o Castelejo em forma poligonal;a Cidadela,parcialmente muralhada;a Casa do Governador;a Sala Ogival do Paço da Alcáçova,hoje convertida no elegante e requintado Restaurante do Leão;a Olissipónia,centro de interpretação da cidade;a Torre de Ulisses/Periscópio;a Torre de São Lourenço,a mais saliente do Castelejo,contígua à desaparecida Porta de S. Lourenço,que terá sido,em tempos,uma frente avançada da cerca moura;o núcleo museológico do Castelo de São Jorge inaugurado em 2008;e o Núcleo Arqueológico do Castelo de São Jorge inaugurado em 2010.Esta classificação inclui também os restos das Cercas Moura e Fernandina,que protegiam defensivamente a cidade.",CICL,0,1b0b7508-466f-4622-a8a7-79c90c6b0750
16,4501302021001,2,Ascensor da Glória e meio urbano que o envolve,"Calçada da Gloria (todos os imóvéis que com ela confinam); Rua das Taipas, tornejando para o Largo da Oliveirinha, 1, 2 e 5; e a Travessa do Fala-Só, 2 a 12 e 1 a 7",,,,,"Fazendo a ligação entre a Avenida da Liberdade/Restauradores e a Rua de São Pedro de Alcântara é, atualmente, o ascensor mais movimentado da cidade, transportando cerca de três milhões de passageiros por ano. Construído pela Companhia dos Ascensores Mecânicos de Lisboa, segundo projeto de Mesnier du Ponsard, e inaugurado em 1885, foi, entre os elevadores de Lisboa, o pioneiro da tração elétrica, instalada em 1914. Inicialmente, locomovido por contrapeso de água, recorreu, mais tarde, ao vapor, enquanto que as viagens noturnas eram iluminadas por velas de estearina. Constituído por dois carros, ligados por um cabo subterrâneo, que sobem e descem alternada e simultaneamente ao longo de duas vias de carris de ferro, foi o único que proporcionou aos utentes lugares no tejadilho - a chamada ""Imperial"" - onde se acedia por uma escada de caracol. Em 1926 tornou-se propriedade da Carris. O conjunto designado por ""Ascensor da Glória e o meio urbano que o envolve"" está classificado como Monumento Nacional.","CICL; Diário da República",0,c9273fee-5e42-4a03-9873-e109dd9454f0
17,4001328001001,2,Capela de São Jerónimo/Ermida do Restelo,"Praça de Itália, Capela de São Jerónimo",,,,,"Monumento Nacional,esta capela do séc. XVI,foi concebida por Boitaca,arqº dos Jerónimos,e concluida por Rodrigo Afonso.De planta quadrangular,surge rematada por grosso cordão e pináculos torsos,com gárgulas nos cantos.A sua cobertura de abóbada polinervada é sustentada através do recurso estrutural de cunhais reforçados por 4 gigantes.A porta principal apresenta decoração ligada à simbólica manuelina.No interior,de nave única,destaca-se o arco triunfal,que antecede a capela-mor.Esta última possui um altar,datado do séc. XX,revestido com azulejos sevilhanos quinhentistas originários dos três altares que desapareceram com os restauros sofridos pela capela,datando o último de 1886,como figura sobre a sua porta lateral.Nesta capela esteve sepultado Pina Manique,fundador da Casa Pia de Lisboa.",CICL,0,3096c0a7-b1cb-43d8-9c60-d840132a4e8b
18,1601603028001,2,Convento da Graça,"Largo da Graça, Igreja; Largo da Graça, 94; Rua Damasceno Monteiro, S/N",,,,,"Igreja e convento fundados no séc. XIII, para frades eremitas calçados de Santo Agostinho, sob a invocação de Nossa Senhora da Graça, foram reedificados no séc. XVI e restaurados após o terramoto de 1755, sob a direção dos arquitetos Caetano Tomás de Sousa e Manuel Caetano de Sousa. Esta última intervenção imprimiu-lhe um carácter tardo-barroco, embora tenha subsistido o núcleo manuelino, constituído pelo batistério e pela capela, assim como o claustro maneirista. A frontaria apresenta dupla fachada, em ângulo, composto pela igreja e pela antiga portaria conventual, sobre a qual se eleva a torre sineira, obra de Manuel da Costa Negreiros. Após a extinção das ordens religiosas o convento foi transformado em quartel de diversas unidades do exército. A igreja, de planta cruciforme, apresenta nave única de cinco tramos com capelas, transepto alongado e capela-mor muito profunda. No interior merece destaque: o património azulejar dos séculos XVI, XVII e XVIII; o trabalho em talha dourada dos altares em estilo rococó e as esculturas setecentistas das capelas intermédias; a decoração barroca da sacristia, com o teto alegórico pintado por Pedro Alexandrino de Carvalho, o grande painél das Relíquias e o túmulo de D. Mendo de Fóios Pereira. Igreja e antigo Convento estão abrangidos pela classificação como Monumento Nacional.","CICL; Diário da República",0,c409540a-30d0-4f68-9d26-2826447b23ec
19,1900113001001,2,Lápides das Pedras Negras,"Largo da Madalena, 3-6; Travessa das Pedras Negras, 1-3",,,,,"Estas quatro lápides, conhecidas como Lápides das Pedras Negras, apresentam inscrições romanas, sendo duas delas dedicadas aos deuses Mercúrio e Cibele. Integradas na fachada de um edifício do séc. XVIII, que sofreu modificações do séc. XIX, conhecido como Prédio do Almada, encontram-se classificadas como Monumento Nacional, desde 1910, tendo sido descobertas aquando da construção do referido imóvel, juntamente com imponentes ruínas romanas.
",CICL,0,2736ebd8-c9ef-402a-a3b4-caad9eef7347
20,3400303001001,2,Igreja do Menino Deus,"Calçada do Menino Deus, 15-27; Largo do Menino Deus, Igreja",,,,,"Mandada edificar por D. João V,em 1711,por acção de graça do nascimento de um herdeiro,é um dos últimos exemplos da arquitectura barroca inicial,tendo o projecto sido atribuído ao arq. João Antunes.Monumento Nacional,de planta rectangular quebrada nos ângulos rectos,traduz um interior octogonal irregular,rematado no topo por capela-mor quadrangular,abrindo-se quatro capelas laterais de cada um dos lados do corpo central.A sua fachada principal,maneirista com alguns elementos barrocos,surge rasgada por um pórtico de colunas coríntias caneladas,encimado por frontão quebrado de volutas concheadas,que delimitam a lápide comemorativa do lançamento da primeira pedra pelo monarca.No interior merecem especial destaque as pinturas dos altares,a policromia dos embrechados de mármores e a decoração pictórica do tecto.",CICL,0,83a8e002-a6eb-4911-8f2d-fb54290867ef
21,2601101002001,2,Túmulo da Rainha D. Mariana Vitória,"Rua do Olival, 63; Rua Presidente Arriaga, Igreja",,,,,"O túmulo da Rainha D. Mariana Vitória, mulher de D. José I, encontra-se integrado no arcossólio aberto no muro Oeste da capela-mor da Igreja de São Francisco de Paula, desde 1781, altura em que a rainha aí foi sepultada. Classificado como Monumento Nacional, este monumento funerário, obra da oficina de Machado de Castro, traduz uma arca bojuda, em mármore preto, assente sobre dois leões deitados, executados em mármore branco, e rematada por três aletas com enrolamentos, sobre as quais estão sentados dois pequenos anjos de largas roupagens, também em mármore branco, os quais ladeiam uma peanha, que suporta uma coroa real ao centro. Na parte frontal da arca evidencia-se uma cartela em bronze, recortada com decoração rocaille, cujo epitáfio da rainha apresenta a seguinte legenda: ' D. M. / D. MARIANNA VICTOREA CATHOLICORUM REGUM FILIA, / PORTUGALLIAE REGINA FIDELISSIMA. JOSEPHI I. FIDELISSIMI REGIS CONJUX; / CUI SUPERVIXIT ANNOS CIRCHER QUATUOR; DIEM CLAUSIT EXTREMUM / XVIII. KAL. FEBRUARII ANNI MDCCLXXXI AETATIS SUAE ANNO LXIII. / EJUS CORPUS IN HOC TEMPLO. IPSIUS EXPENSIS, ET PIETATE FUNDATO, / HIC DEPONI FECIT FILIA SUA D. MARIA I. REGINA FIDELISSIMA. / ANIMAM VERO, CHRISTIANIS VIRTUTIBUS ORNATAM, / PIE CREDITUR CUM CHRISTO REGINARE IN COELO; / ET IN PACE DOMINI REQUIESCERE. AMEN.'.",-,0,4ca25336-6a54-43cd-aa06-9c662356837d
22,4900801011001,2,Palácio Almada-Carvalhais,"Largo do Conde Barão, 48-57; Rua das Gaivotas, 1-3",,,,,"O Palácio Almada-Carvalhais,que pertenceu aos provedores da Casa da Índia,foi mandado construir no século XVI,(cerca de 1545),por Rui Fernandes de Almada,banqueiro e feitor da Flandres.Sofreu sucessivas fases construtivas e decorativas até ao século XVIII,traduzindo uma arquitectura renascentista e barroca.Está classificado como Monumento Nacional.De planta rectangular e volumetria escalonada,desenvolve-se em 3 pisos,em torno de um pátio interior renascentista,com as suas colunas e capitéis de decoração vegetalista e antropomórfica.De Quinhentos é também a torre de cantaria,no extremo O. do alçado principal,sob a qual existe um túnel abobadado que liga o exterior ao referido pátio.É, ainda,de salientar a janela de sacada encimada pela pedra de armas dos Almadas.Da segunda metade de Setecentos destacam-se a decoração com estuques de vários tectos,os silhares de azulejos em vários compartimentos e a escadaria monumental,que do topo nascente do pátio,através de 3 lanços,conduz aos pisos superiores do palácio.No século XX,o espaço do palácio foi fragmentado e ocupado por diferentes entidades.O jardim a tardoz foi convertido,na década de 20,em garagem e estação de serviço,enquanto que o túnel de acesso sob a torre foi prolongado,atravessando a antiga cozinha,até ao logradouro.",CICL,0,43ad6eff-a72f-4b69-b43f-01f737744c4d
23,4103302007001,2,Igreja da Madre de Deus,"Rua da Madre de Deus, Igreja",,,,,"Igreja integrada num edifício fundado em 1509 pela Rainha D. Leonor,o qual sofreu várias campanhas de obras,nomeadamente após o terramoto de 1755,pelo que traduz uma súmula de estilos:mudéjar (tecto da capela de D. Leonor);manuelino (piso térreo do claustrinho e torre sineira);maneirista (estrutura da igreja e claustro de Diogo de Torralva);barroco (decoração da igreja);e revivalista (portal, 2º piso do claustrinho e duas salas).Na sua fachada muito simples,destaca-se o portal neomanuelino oitocentista,de acesso lateral à igreja,a qual está classificada como Monumento Nacional.O interior,de nave única,é revestido a azulejos historiados do séc. XVIII que narram a vida de S.Francisco.Da capela-mor e coro alto há que realçar as pinturas do séc. XVI,emolduradas em talha.Neste edifício funciona o Museu Nacional do Azulejo, que possui uma colecção de azulejos portugueses,espanhóis e holandeses,cujo percurso museológico vai do séc. XV à actualidade.",CICL,0,b6d2f2b9-b6fc-4c1d-9ce0-906b2c3d7ce2
24,2400701054001,2,Capela do Hospital de São José ,"Rua do Arco da Graça, S/N (Bloco Central); Rua José António Serrano, S/N (Bloco Central); Travessa do Hospital, S/N (Bloco Central)",,,,,"Antigo Convento e Colégio jesuíta de Sto. Antão-o-Novo, cujo edifício principal se encontra classificado como Imóvel de Interesse Público, foi construído a partir de 1579 sob o risco de Baltazar Álvares. A Igreja foi edificada entre 1613-1653, segundo projecto de um discípulo de Terzi, à qual foi acrescentada, em 1696, a sacristia barroca, projectada por João Antunes. A partir de 1770 instalou-se, no extinto convento/colégio, o Hospital de S. José, em substituição do Hospital Real de Todos-os-Santos, arruinado pelo terramoto. Sobreviveu a primitiva sacristia, hoje capela do hospital e classificada como Monumento Nacional, sendo de destacar o pórtico sul, encimado pelo brazão de D. José, que dá acesso a um pátio com estátuas dos Apóstolos pertencentes à igreja do extinto convento e os azulejos da escadaria do hospital.
",-,0,56d82943-ced4-4670-af79-04441e5521ce
25,4800101008001,2,"Elevador do Carmo, também denominado Elevador de Santa Justa","Rua de Santa Justa, Elevador; Travessa D. Pedro de Menezes, Elevador",,,,,"Peça importante de mobiliário urbano lisboeta,integrada na denominada 'Arquitectura do Ferro',traduzindo uma linguagem ornamental neogótica,é o único elevador vertical existente actualmente na cidade,implantado na Escadaria de Sta. Justa,fazendo a ligação entre a R. do Ouro e o Largo do Carmo.Construído pela Empresa do Elevador do Carmo,é a obra prima de Mesnier du Ponsard,tendo sido inaugurado em 1902.Inicialmente explorado por Ponsard,veio à posse definitiva da Carris,em 1939.A sua estrutura vertical totalmente de ferro desenvolve-se em 7 andares que correspondem a 2 torres interligadas,com 45m de altura,no interior das quais circulam 2 cabinas quadradas,comunicando,no nível superior,com o Largo do Carmo através de um passadiço metálico,tipo viaduto,apoiado ao meio num pilar de betão armado.Inicialmente movido através de uma máquina a vapor localizada no piso superior da torre,somente em 1907 passou a funcionar por meio de motores eléctricos.O Elevador do Carmo,também denominado Elevador de Santa Justa,está classificado como Monumento Nacional.",CICL,0,efedb500-9667-475d-865e-c3bf185cc2cd
26,3201307002001,2,Cordoaria Nacional,Avenida da Índia,,,,,"O edifício da Cordoaria Nacional, criado pelo Marquês de Pombal por decreto de 1771, foi construído, provavelmente, com projeto do arquiteto Reinaldo Manuel dos Santos na segunda metade do século XVIII. 
Este conjunto de oficinas distribuído por 3 corpos estendidos paralelamente ao Rio Tejo, no sítio do antigo forte de S. João, destinava-se à produção de cordas, cabos, velas e outros equipamentos para os navios. 
Da sua traça arquitetónica praticamente despojada de decoração, destacam-se apenas os portais centrais das fachadas norte e sul, respetivamente, com emolduramento de cantaria animada por janela de avental e verga curva e com emolduramento e verga em arco abatido. 
Apesar de este edifício ter sido objeto de várias intervenções ao longo dos tempos impostas pelos incêndios dos séculos XIX e XX e pela necessidade de instalar serviços diversos da sua vocação original, assim como pelas transformações do tecido viário circundante (abertura da Av. da India), é considerado um dos mais notáveis exemplares de arquitetura industrial setecentista, estando classificado como Monumento Nacional.
",CICL,0,93810a81-f818-440e-9960-249655c4d369
27,5101101001001,2,Igreja e Mosteiro de São Vicente de Fora,Largo de São Vicente,+351 218 885 652,,museu@patriarcado-lisboa.pt,http://www.patriarcado-lisboa.pt/site/index.php?cont_=47&tem=356,"O atual edifício maneirista, de carácter monumental, harmonioso e simétrico, substituiu o primitivo complexo arquitetónico românico do séc. XII (1147), um Mosteiro do mesmo nome, mandado construir por D. Afonso Henriques em agradecimento pela conquista de Lisboa aos Mouros nesse mesmo ano.
Mandado erguer por Filipe II em 1582, a construção termina em 1629, tendo sido dirigida por Fillipo Terzi em colaboração com outros engenheiros e mestres de obras, possivelmente segundo modelo inicial atribuído ao arquiteto de Filipe II, Juan de Herrera, autor do Mosteiro de El Escorial (Madrid). 
A Igreja, Monumento Nacional, apresenta uma fachada, da autoria de Baltazar Álvares, em Estilo Chão, adaptando a monumentalidade do último Maneirismo romano à tradição portuguesa, composta por um corpo central e 2 laterais, que correspondem às 2 torres sineiras. No interior destacam-se a talha, os mármores, as pinturas, a azulejaria, e a capela-mor com o altar barroco sob baldaquino. 
O Mosteiro de S. Vicente, Imóvel de Interesse Público (não abrange a cerca), hoje sede do Patriarcado de Lisboa, guarda uma das mais belas coleções azulejares oitocentista do Mundo, destacando-se as Fábulas de La Fontaine. No seu interior encontram-se os Panteões da Casa Real de Bragança e dos Patriarcas de Lisboa, e o Museu do Patriarcado. Do terraço da Igreja, usufrui-se de uma das mais belas vistas da cidade e do Tejo.

Tem visitas guiadas.",CICL,0,a894a7fa-bcdf-4434-bb12-582aaf78e3c4
28,5200411046001,2,"Casa de Brás de Albuquerque (Casa dos Bicos), fachada","Rua dos Bacalhoeiros, 10-10F; Rua Afonso de Albuquerque, 9-11",,,,,"Mandada construir,entre 1521-1523, por Brás de Albuquerque, a sua fachada é Monumento Nacional e exemplar único em Portugal. Foi denominada ''Casa dos Diamantes'' pela sua fachada, revestida por fiadas contínuas de pedras cortadas em pirâmide, à semelhança de pontas de diamante, e colocadas de forma desencontrada, de inspiração italiana. O terramoto de 1755 destruiu-lhe os 2 pisos superiores, os quais só foram reconstruídos, em 1983, com as obras para acolher um dos núcleos da XVII Exposição Europeia de Arte, Ciência e Cultura. Paralelamente, escavações arqueológicas deram a conhecer que a casa havia sido construída sobre a cerca moura,tendo sido encontrados, no seu interior, vestígios de construções romanas, medievais e vários artefactos datados até ao séc. XVIII.",CICL,1,36076ff8-f995-4ec9-9c53-91a527d95cc1
29,1400207026001,2,Igreja do Sagrado Coração de Jesus,"Rua de Santa Marta, 55C-55E; Rua Camilo Castelo Branco, 4-4A",,,,,"Igreja construída na década de 60 do séc. XX, em substituição de outra, com a mesma invocação,edificada nos finais do séc. XVIII, localizada um pouco mais abaixo. Na origem desta construção esteve o concurso público de projectos, lançado pela Comissão Fabriqueira e Patriarcado de Lisboa, o qual foi ganho pela equipa dirigida pelos arquitectos Nuno Teotónio Pereira e Nuno Portas, alargando a colaboração a outros arquitectos, nomeadamente Pedro Vieira de Almeida, Luís Vassalo Rosa, Miguel Aragão e Duarte Cabral de Melo. A exigência de modernismo implicou uma solução inovadora para a época, com o recurso a materiais de grande durabilidade e fácil manutenção. Foi Prémio Valmor de 1975 e encontra-se classificada como Monumento Nacional. O complexo paroquial é composto por 3 corpos articulados por um pátio central, que estabelece uma ligação pedonal com a R. de Sta. Marta. O corpo principal destina-se à igreja, enquanto que os outros acolhem serviços de apoio social e educativos. A igreja, organizada por pisos, apresenta no topo o espaço principal,por baixo deste a cripta e o cartório e na base o salão paroquial e a capela mortuária. O espaço da igreja, uma ampla nave trapezoidal de altura considerável, com o santuário iluminado por clarabóia elevada, surge envolvido por uma galeria superior formando balcão. Uma capela saliente junto à entrada, destinada ao baptistério, é dedicada actualmente ao Coração de Jesus. Merece destaque a excelente acústica da igreja, que possui um orgão de fabrico inglês, colocado sobre a tribuna lateral onde se situa o coro.",CICL,0,f18e3cca-023e-417c-ae3b-ad268d8231b3
30,2801301017001,2,Igreja de Santa Catarina,"Calçada do Combro, S/N (IGREJA)",,,,,"Fundada pelos religiosos de São Paulo da Serra de Ossa, a então designada Igreja do Santíssimo Sacramento foi edificada na 2ª metade do séc. XVII, a partir de 1654, adossada ao Convento dos Paulistas. Após o Terramoto de 1755, foi objecto de reedificação, concluída em 1763. No séc. XIX, a partir de 1835, a igreja passou a Paroquial sob o orago de Santa Catarina. Classificada como Monumento Nacional, esta igreja conventual, traduzindo uma arquitectura religiosa barroca, apresenta planta longitudinal, em cruz latina, articulada com o convento, formando um U. É uma igreja de nave única com capelas laterais, transepto saliente e capela-mor profunda. A sua fachada principal evidencia três corpos separados entre si e delimitados lateralmente por duplas pilastras. O corpo central, de dois andares, surge rematado por frontão curvo decorado com a Custódia do Santíssimo Sacramento. Os dois corpos laterais servem de apoio a duas torres sineiras, de secção quadrada, decoradas com balaústres, ao mesmo tempo que, no piso térreo, enquadram uma galilé, à qual se acede por meio de três arcos de volta inteira, separados entre si por pilastras simples. Aí, o portal central, ladeado por pilastras, encontra-se rematado por frontão triangular interrompido pela representação relevada da Custódia do Santíssimo Sacramento. Por sua vez, o portal localizado mais à esquerda permite o acesso à antiga portaria conventual. No interior merecem destaque a talha joanina do altar-mor, a beleza do órgão, verdadeiro monumento de talha dourada, e os estuques ornamentais, que revestem a abóbada de arco abatido da nave, datados do 3º quartel do séc. XVIII e executados por João Grossi e Toscanelli.
",-,0,0ac7c76e-dd34-42a1-9b52-bb7d16cc0b29
31,4901002001001,2,Ascensor da Bica e meio urbano que o envolve,"Calçada da Bica Pequena, 2-4; Largo de Santo Antoninho, 1-2; Rua de São Paulo, 234-236",,,,,"Fazendo a ligação entre a Rua de S. Paulo e o Largo do Calhariz é um dos elementos mais pitorescos da cidade de Lisboa,atravessando o popular Bairro da Bica.Construído pela Companhia dos Ascensores Mecânicos de Lisboa,sob projecto de Mesnier du Ponsard,foi inaugurado em 1892.Trata-se de um equipamento de transporte urbano constituído por 2 carros,ligados por um cabo subterrâneo,que sobem e descem alternada e simultaneamente ao longo de duas vias paralelas de carris de ferro.Movido,inicialmente a água e pelo sistema de tramway-cab,passou da locomoção por contrapeso de água à locomoção a vapor,em 1896,conhecendo a sua total electrificação,somente,em 1914.Esteve parado durante 9 anos,devido a um acidente que sofreu,tendo recomeçado o seu percurso de sobe-e-desce em 1923.O Ascensor da Bica e o seu meio urbano envolvente estão classificados como Monumento Nacional.",CICL,0,055c7234-4ea3-4375-8bd0-5d353dccda3a
32,3906902014001,2,Capela dos Castros,"Largo São Domingos de Benfica, 6-8; Travessa de São Domingos de Benfica, S/N",,,,,"Classificada como Monumento Nacional, esta capela, fundada sob a invocação de Corpus Christi, foi mandada construir, em 1644, por D. Francisco de Castro, neto do vice-rei D. João de Castro, para acolher o panteão da sua família. A sua consagração terá ocorrido provavelmente em 1648, data que surge inscrita numa lápide da estrutura. Edificada dentro do antigo Convento de São Domingos de Benfica, traduz uma arquitectura religiosa maneirista. De planta longitudinal, composta por três corpos justapostos, nave, presbitério e retro-coro, encontra-se integrada na estrutura do claustro, pelo que a sua fachada surge rasgada, apenas, por portal de moldura rectangular, encimado pela pedra de armas dos Castros, ao qual se sobrepõe uma janela rectangular iluminante. O interior, de nave única, encontra-se coberto por abóbada de berço, com marcação de caixotões. Para a nave abrem-se seis arcos de volta inteira, quatro dos quais funcionam como arcossólios, albergando os túmulos dos membros da família do fundador, urnas de mármore piramidais, assentes sobre pares de elefantes, igualmente em mármore. O presbitério, ao fundo, encontra-se separado da nave por um desnível de quatro degraus, exibindo um retábulo de gosto tardo-maneirista, de talha branca e dourada, decorado com motivos vegetalistas. Ao centro integra sacrário com baldaquino e a parte superior do conjunto retabular é rematado por uma tela figurando 'A Última Ceia'. O retro-coro, elemento pouco comum na arquitectura portuguesa, abre-se atrás do retábulo, sendo um espaço para uso exclusivo da comunidade monacal. Após a extinção das ordens religiosas, em 1834, a Capela de Corpus Christi manteve o padroado da família Castro. À época da implantação da República o templo encontrava-se bastante arruinado. Apesar de em 1910 o Convento de São Domingos de Benfica ter sido ocupado pelo Instituto Militar dos Pupilos do Exército, só anos mais tarde a capela viria a ser objecto de restauro.",-,0,d4afd986-75ba-423a-a530-89217799eea9
33,3906913026001,2,Palácio Fronteira,"Largo São Domingos de Benfica, 1",+351 217 782 023,,fronteiraalorna@mail.telepac.pt,www.fronteira-alorna.pt,"Palácio construído no séc. XVII (1670-1673), por iniciativa de D. João de Mascarenhas, 1º Marquês de Fronteira, foi objeto de reconstrução e ampliação após o terramoto de 1755. Residência de campo dos marqueses de Fronteira, é um dos mais notáveis e originais núcleos solarengos do país, que se destaca pela harmonia e proporção das formas, bem como pela sua riqueza decorativa. Merecem especial referência a capela, o pórtico brasonado, o pátio de honra, o vestíbulo, as galerias, a escadaria e os jardins, onde predomina a ornamentação azulejar e escultórica. Em termos de decoração arquitetónica são de salientar, ainda, os lambris de azulejos historiados e alegóricos, os estuques, os mármores e a pintura marmoreada. 

O Palácio é sede da Fundação das Casas de Fronteira e Alorna.

Visitas guiadas ao Palácio e Jardins mediante marcação prévia. 

A classificação, em 1982, como Monumento Nacional engloba o palácio, jardins, horta e mata dos marqueses de Fronteira. 
",Palácio Fronteira,0,ddf0b996-e6ba-40d0-a55e-c29c4260a31a
34,3906902024001,2,Túmulo de Dom João das Regras,"Largo São Domingos de Benfica, Igreja",,,,,"Obra de referência na tumulária medieval, o túmulo de D. João das Regras, falecido no início do séc. XV, (1404), está classificado como Monumento Nacional. Trata-se de uma arca parelelepipédica, brasonada, executada em mármore branco proveniente da região de Montelavar, assente sobre quatro leões e encimada por uma estátua-jacente do sepultado representado com barrete e vestes de letrado, com uma gola larga segura por três botões. A figura, com a mão direita sobre o peito segurando um livro, apresenta do seu lado esquerdo uma espada com um cinturão e o punho lavrado com minúcia. Da mesma forma, a minuciosa decoração do cinto é visível na boa definição da fivela e da ponteira. Pode ainda observar-se um cão, em posição de vigília, aos pés do jacente. As quatro faces laterais da tampa, sobre a qual se encontra a estátua-jacente, apresentam a seguinte inscrição: 'Aqi/jaz/joan/daregas/caualeiro/doutor/em/leis/priuado/delrei/dom/joan/fundador/deste/mosteiro/finou/III/dias/de/maio/era/M/IIIC/XL/II/annos'. Estamos perante um monumento com 215 cm de comprimento, 90 cm de largura, 53 cm de altura (arca) + 12 cm (faixa), onde os leões sobre os quais assenta o túmulo medem cerca de 30 cm de altura. O exterior da Igreja do Convento de São Domingos de Benfica (actualmente o Instituto Militar dos Pupilos do Exército) foi a sua localização primitiva, tendo sido transferido, já no séc. XVII, para a igreja que sucedeu àquele templo, a actual Igreja de Nossa Senhora do Rosário.",-,0,0117d07a-af56-47c1-8b40-9803a0f82976
35,1102304040001,2,"Edifício do Posto de Comando do Movimento das Forças Armadas, incluindo o património integrado","Estrada da Pontinha, Quartel; Rua Regimento de Engenharia Um, Quartel; Estrada Militar, Quartel",,,,,"O edifício do Posto de Comando do MFA, instalado no Regimento de Engenharia nº 1 da Pontinha, embora sem qualquer valor arquitectónico, procura salvaguardar a memória  histórica associada ao local que acolheu o Posto de Comando do Movimento das Forças Armadas responsável pela condução das operações militares contra o regime ditatorial em vigor até 25 de Abril de 1974. O programa do MFA foi dado a conhecer ao país a partir de um pavilhão pré-fabricado, onde foi montada a sala de operações, que reunia um conjunto de equipamentos como rádios, telefones e transmissores, assim como armas, munições e mapas. Neste local estiveram detidos Marcelo Caetano, conduzido pelo capitão Salgueiro Maia, Silva Pais, director da PIDE/DGS e Ruy Patrício, ministro dos Negócios Estrangeiros. O Núcleo Museológico do MFA, instalado no referido pavilhão, reproduz esse espaço no dia 25 de Abril de 1974, com a Sala de Operações integralmente montada, uma sala de exposição permanente e uma sala de exposições temporárias, um auditório e uma sala de audiovisuais. A classificação como Monumento Nacional (MN) diz respeito, somente, ao Edifício do Posto de Comando do Movimento das Forças Armadas (MFA), incluindo o património integrado, no antigo quartel do Regimento de Engenharia nº 1.",-,0,8a8324ce-65c8-4638-b034-8aedaa146fbf
36,1700603001001,2,"Basílica da Estrela, compreendendo os túmulos de D. Maria I e do seu confessor","Praça da Estrela, 12",,,,,"Classificada como Monumento Nacional é, também conhecida por Basílica do Sagrado Coração de Jesus. Mandada erguer por D. Maria I, como cumprimento de um voto que fizera pelo nascimento de D. José, a obra foi iniciada em 1779 e concluída em 1789. Com projecto da autoria dos arq. Mateus Vicente e Reinaldo dos Santos foi concebida numa linguagem tardo-barroca, numa época em que vigorava o estilo neoclássico, sendo a estatuária atribuída à oficina de Machado de Castro. No exterior destaca-se a fachada imponente composta por um corpo central, de 2 pisos, ladeado por 2 torres sineiras, e o zimbório que permite desfrutar uma magnífica vista sobre Lisboa. O interior, em mármore, apresenta nave única dividida em 3 tramos rematados por capelas laterais e capela-mor, onde se encontra o túmulo da fundadora.
",CICL,0,6617e3a5-b5d0-470d-8f2d-ab667031c720
37,3100414008001,2,Igreja de São Domingos,"Largo de São Domingos, Igreja; Rua de Barros Queirós, Empena; Travessa Nova de São Domingos, Igreja; Rua Dom Duarte, Igreja",,,,,"Igreja da Ordem Dominicana, fundada no séc. XIII, objecto de sucessivas reformas, a última das quais em 1748, data em que Frederico Ludovice refez a capela-mor, sendo esta a única zona do templo a subsistir ao terramoto de 1755. Reconstruída por Manuel Caetano de Sousa, aproveitando o portal e a sacada sobrejacente do Paço da Ribeira, o seu interior foi novamente destruído por um incêndio em 1954. Posteriormente foi recuperada e reaberta ao culto. Monumento Nacional, é uma igreja barroca com alguns traços maneiristas, de nave única em cruz latina, transepto saliente, capela-mor rectangular, cripta circular, claustro e sacristia, cujo exterior se caracteriza pela simplicidade de linhas e o interior por uma riqueza eclética, onde ainda se destacam as suas colunas gigantes, a policromia dos mármores e a azulejaria.
",-,0,7539e09d-9057-44b5-ac0a-e0757f63c55d
38,0203501001001,2,"Palácio Vale Flor (conjunto): palácio,Casa da França,lavandaria,cocheiras,garagem,jardim murado","Rua Jau, 52-60; Calçada de Santo Amaro, 176-176A; Rua João de Barros, 31; Rua Soares de Passos, 5-5A; Travessa dos Moinhos, 39-39A; Rua Jau, 45-49; Rua Soares de Passos, 3-3D; Calçada de Santo Amaro, Muro
CICL
",,,,,"Por iniciativa de José Constantino Dias, Marquês de Vale-Flor, este palácio foi construído na primeira década do séc. XX, (entre 1902 e 1907), traduzindo ainda o espírito eclético do século anterior, com projeto inicial do arq. Nicola Bigaglia e projeto de alterações do arq. José Ferreira da Costa em colaboração com o arq. Ventura Terra. De planta centralizada o edifício organiza-se em torno de um pátio, desenvolvendo-se, o seu núcleo principal, em 4 andares, sendo o último amansardado. Para além deste núcleo central, o palácio inclui a capela, os jardins e as antigas cocheiras, construídas do outro lado da rua, as quais se apresentam cobertas por escamas de ardósia e mantêm com o edifício principal um diálogo urbanístico e estilístico muito equilibrado. No interior do palácio merecem destaque alguns compartimentos pela riqueza da sua decoração com peças artísticas de várias procedências e pela intervenção de artistas portugueses, nomeadamente Carlos Reis, Eugénio Cotrim, Constantino Fernandes, entre outros. Classificado como Monumento Nacional é hoje o Hotel Carlton Pestana Palace. Esta classificação é um conjunto que inclui o palácio, Casa da França, cocheiras e garagem, assim como todo o jardim murado e as construções decorativas que o integram.","CICL; Diário da República",0,d6201de5-fa2e-45f6-b4ca-e4b69807a218
39,1500801016001,2,Igreja de São Roque,Largo Trindade Coelho,,,,,"Construída no séc. XVI, a partir de 24 de Março de 1506, sob o orago de São Roque, protector dos doentes da peste, foi Sagrada em 25 de Fevereiro de 1515, pelo Bispo D. Duarte. Em 1553, a Companhia de Jesus toma posse deste templo, o qual conhece várias intervenções por parte dos arqs. Afonso e Baltazar Álvares e Filipe Terzi. Classificada como Monumento Nacional, traduz uma típica arquitectura religiosa maneirista e o verdadeiro protótipo das igrejas jesuíticas portuguesas: igreja de nave única com capelas laterais intercomunicantes e cobertura em tecto de madeira. A actual fachada classicizante e austera, totalmente revestida a cantaria, é resultado de um restauro pós terramoto de 1755. A riqueza espacial e decorativa concentra-se no interior, onde se articulam manifestações artísticas maneiristas e barrocas, expressas nos azulejos, mármores, pinturas e talhas. Destaca-se a capela de S. João Baptista, encomendada em Itália, por D. João V. A expulsão da Companhia de Jesus do território nacional implicou que, por carta régia de 8 de Fevereiro de 1768, a Igreja de São Roque e Casa Professa dos Jesuítas viessem à posse da Misericórdia de Lisboa, que aí instalou os seus serviços até ao momento. O museu anexo, instalado na antiga Casa Mãe dos Jesuítas, reúne colecções de arte sacra do séc. XVI ao séc. XVIII.
",CICL,0,84db5f3e-3ba2-4b32-8732-da42e2ac42ae
40,3202222002001,2,Torre de Belém,"Avenida de Brasília, Torre de Belém",,,,http://www.torrebelem.pt,"Monumento Nacional e Património Mundial da UNESCO é um belo exemplar da arquitectura militar em Portugal.Construída em honra do santo patrono de Lisboa,S. Vicente,no local onde estava ancorada a Grande Nau,que cruzava fogo com a fortaleza de S. Sebastião,veio assim perpetuar,em pedra,essa estrutura de madeira.Francisco de Arruda foi o arquitecto da obra,desenvolvida entre 1514 e 1520,possivelmente sob orientação de Boitaca.Esta curiosa composição de cantaria,articula um baluarte poligonal com uma torre quadrangular de tradição medieval,ornamentados segundo a gramática decorativa do manuelino,conjugada com elementos naturalistas.A função militar é reservada ao baluarte propriamente dito,que avança sobre o rio em 3 pisos (andar subterrâneo,nave e terraço).A torre está reservada a outras funções,como as de carácter administrativo (Sala do Governador e Sala das Audiências),palatino (Sala dos Reis) e cultual (capela no último piso).Destacam-se os traços exóticos,expressos nas cúpulas gomadas de gosto orientalizante que cobrem as guaritas do baluarte e na representação zoomórfica de um rinoceronte esculpido na face norte.",CICL,0,0a849f01-a88f-4ff8-98e0-001862fe11ee
41,2400601006001,2,Ascensor do Lavra e meio urbano que o envolve,"Calçada do Lavra, S/N; Rua Câmara Pestana, S/N",,,,,"Fazendo a ligação entre o Largo da Anunciada e a Tv. do Forno do Torel ou a Rua Câmara Pestana, através da Cç. do Lavra, é o mais antigo ascensor de Lisboa. Construído pela Companhia dos Ascensores Mecânicos de Lisboa, foi inaugurado  oficialmente em 1884, devendo o seu nome ao Palácio Lavra, com o qual faz esquina. Trata-se de um equipamento de transporte urbano constituído por 2 carros, ligados por um cabo subterrâneo, que sobem e descem alternada e simultaneamente ao longo de 2 vias paralelas de carris de ferro. Movido, inicialmente, por sistema hidráulico constituído por cremalheira e contrapeso de água, passou, mais tarde, a locomover-se a vapor, tendo conhecido, finalmente, em 1915, a sua total electrificação. Em 1926 tornou-se propriedade da Companhia Carris de Ferro de Lisboa. O Ascensor do Lavra e o meio urbano que o envolve estão classificados como Monumento Nacional.
",CICL,0,5cd4fb20-2485-4351-af7d-10d09ad54953
42,3200614036001,2,Mosteiro dos Jerónimos,Praça do Império,,,geral@mjeronimos.dgpc.pt,http://www.mosteirojeronimos.pt,"A edificação do Mosteiro da Ordem de São Jerónimo, fundado, em 1496, por iniciativa de D. Manuel I, com o objetivo de torná-lo Panteão Real, teve início, com a obra da igreja dedicada a Santa Maria de Belém, em 1502, sob a orientação de Diogo de Boitaca, seguindo-se João de Castilho, a partir de 1517, entre outros nomes que colaboraram na sua construção em datas posteriores. O conjunto construído ao longo do séc. XVI foi objeto de profundas obras de restauro no século XIX, subsistindo a igreja, as dependências da sacristia, sala do capítulo, claustro e refeitório, no piso térreo, e a antiga livraria, no piso superior. Esta obra fundamental da arquitetura religiosa manuelina (igreja, claustro, sacristia, refeitório), traduz, também, uma arquitetura religiosa maneirista (capela-mor e forro do transepto), revivalista (remate da torre, antigo dormitório, sala do capítulo) e modernista (ala E do anexo e Biblioteca da Marinha), encontrando-se classificada como Monumento Nacional e inscrita, desde 1983, na lista do Património da Humanidade da UNESCO. A igreja, de planta longitudinal em cruz latina, traduz uma igreja-salão desenvolvida em três naves com a mesma altura, cobertas por abóboda única, rebaixada, polinervada, assente em pilares oitavados, transepto de topos retilíneos e cabeceira saliente retangular. Adossado ao corpo da igreja surge um claustro de planta quadrangular, com octógono inscrito, desenvolvido em dois pisos de arcadas maineladas e galerias abobadadas com polinervuras, decorado com elementos de temática cristológica e heráldica régia. No interior merecem, ainda, destaque: a capela-mor maneirista traçada pelo mestre Jerónimo de Ruão, em 1571; a sala do capítulo terminada no séc. XIX; e a tumulária. No exterior é de referir todo o trabalho escultórico e decorativo associado ao portal principal executado por Nicolau Chanterenne, em 1517, e ao portal Sul, lateral e fronteiro ao rio, da autoria de João de Castilho, entre 1516 e 1518. Este complexo arquitetónico acolhe, ainda, o Museu da Marinha e o Museu Nacional de Arqueologia.",CICL,0,1f370796-7a05-4a0d-8f95-77087c151118
43,1900118010001,2,Igreja da Conceição-Velha,"Rua da Alfândega, Igreja",,,,,"A primitiva igreja, denominada Igreja da Conceição dos Freires, instalada em 1496 na extinta sinagoga da Judiaria Grande, ficou conhecida como Igreja da Conceição-Velha, em virtude de ter coexistido com a Paroquial, inaugurada em 1699, designada por Igreja da Conceição-Nova. Destruída pelo terramoto de 1755, D. José I mandou instalar a Igreja da Conceição-Velha sobre as ruínas da antiga Igreja da Misericórdia. Desta foram reutilizados o portal lateral sul e 2 janelas do período manuelino, um baixo relevo com a representação de N. S. da Misericórdia e a capela seiscentista do Santíssimo Sacramento, adaptada a capela-mor do novo templo. Destaque especial para o referido portal, manuelino, em cujo tímpano figura a primitiva invocação (N. S. da Misericórdia). No interior, de nave única, destacam-se a capela-mor possivelmente atribuível a Jerónimo de Ruão, quadros de algum valor e a imagem de N. S. do Restelo, doada pelo Infante D. Henrique aos freires. Este edifício setecentista, com vestígios de uma decoração manuelino-renascentista, está classificado como Monumento Nacional.
",CICL,0,e5ed77e2-6616-4268-a033-49674ef307e1
44,3100407021001,2,Palácio dos Condes de Almada/Palácio da Independência,"Rua das Portas de Santo Antão, 2-2F; Largo de São Domingos, 10-13; Escadinhas da Barroca, 1",,,,,"Fundado em 1467, por D. Fernando de Almada, a sua traça medieval primitiva foi conhecendo alterações, tendo subsistido dessa época 4 portais e 2  grandes cháminés de cones facetados, à semelhança das do Palácio da Vila de Sintra. O edifício actual traduz, assim, uma linguagem resultante das intervenções manuelina e maneirista. De planta rectangular centralizada num pátio concebido para permitir a circulação de carruagens, o exterior do imóvel surge articulado em duas fachadas rigorosamente estruturadas, com uma ausência quase total de ornamentação, e animadas pela abertura de filas de janelas de sacada com moldura rectangular, concentradas num amplo portal, sobreposto por uma varanda de balaústres para a qual abre o janelão central do andar nobre, encimado pelo brasão dos Almada. Merecem destaque no interior, os painéis de azulejos barrocos, os de albarradas e os historiados joaninos. Este Palácio está classificado como Monumento Nacional, não só pelo seu valor artístico, mas também pela sua tradição histórico-política. Foi aqui que se reuniram, por diversas vezes, os conjurados que conduziram à Restauração da Independência de Portugal em 1640. Almeida Garrett habitou o palácio em 1834 e a 1ª comemoração pública da Independência a ter lugar no edifício ocorreu em 1861. Doado ao Estado em 1940 e após a sua ocupação sucessiva por vários organismos, o Palácio foi cedido na sua totalidade à Sociedade Histórica da Independência de Portugal, em 1983, a qual procedeu a obras para a instalação de serviços, biblioteca e zonas de exposição.
",-,0,58fcd97d-2506-47ae-87b1-d5c65a318ee5
45,1702901080001,2,Palácio de São Bento,Praça da Constituição de 1976,+351 213 919 000,,,www.parlamento.pt,"Antigo convento Beneditino de São Bento da Saúde, fundado pelo geral da Ordem dos Beneditinos, D. Baltazar de Braga. A obra, iniciada em 1598 e concluída em 1615, teve projeto do arquiteto Baltazar Alvares, que adotou uma linguagem estética maneirista.
Com a extinção e expulsão das ordens religiosas em 1833, o convento foi convertido em Palácio das Cortes (Parlamento), função que ainda hoje mantém com o nome de Assembleia da República. Para assumir estas funções, que incluem duas câmaras, a dos pares e a dos deputados, o edifício sofreu sucessivas campanhas de obras a partir de 1835, retomadas em 1895 devido a um incêndio de grandes proporções. Esta nova empreitada prolongou-se desde o final do século XIX até 1943, pontuando-se os últimos 20 anos por uma intervenção estética mais de acordo com o nacionalismo do Estado Novo.
O palácio deve a sua feição atual ao projeto neoclassicizante do arquiteto Ventura Terra.
Na linguagem arquitetónica utilizada a alegoria à nação e aos seus grandes homens é uma constante.
Da fachada de aparato, precedida por uma grandiosa escadaria, destaca-se o monumental frontão esculpido que representa uma entronização da Pátria. O acesso realiza-se por um átrio grandioso, local da antiga igreja beneditina do convento, passando-se depois para a monumental escadaria nobre, concluída no período do Estado Novo (1936/37) e onde se podem observar conjuntos escultóricos coroando as portas e pinturas históricas, de louvor à  Pátria (A defesa da Pátria e a Prosperidade da Nação), no topo da escadaria.
O Salão Nobre é outro dos pontos importantes deste monumento. Concluído no período do Estado Novo, era o local das receções oficiais nos anos 1940. Aqui impera a estética nacionalista, na profusão de elementos heráldicos e nas pinturas na parede, evocativas da época dos Descobrimentos. Esta mesma estética, da solenidade nacional, impera também na Sala das Sessões. Inaugurada em 1903, é obra do arquiteto Ventura Terra que, influenciado pela arquitetura do ferro e do vidro, concebeu uma claraboia de grandes dimensões para iluminar o espaço. São ainda de assinalar nesta sala as estátuas alegóricas relacionadas com o exercício da legislatura (Diplomacia, Jurisprudência, Justiça e Eloquência) e uma pintura evocativa da primeira Assembleia Constituinte Portuguesa, ocorrida em 1821, da qual resultou a primeira constituição. A sala das Sessões encontra-se disposta em hemiciclo, observando-se a disposição política à francesa (esquerda e direita).
De destacar ainda o antigo refeitório dos frades, onde existem conjuntos de painéis azulejares do século XVIII (2ª metade), a biblioteca, fundada por Passos Manuel e criada para se assemelhar a uma biblioteca conventual. O Palácio alberga a Assembleia da República, a Biblioteca Passos Manuel e o Arquivo histórico Parlamentar.

",-,0,22531595-3510-495c-9fc2-1ed90e67b681
46,4700505001001,2,Sepulturas da Igreja de Santa Luzia,"Largo de Santa Luzia, Igreja de Santa Luzia",,,,,"No interior da Igreja de Santa Luzia, cuja origem parece remontar ao séc. XII,  destacam-se dez sepulturas, em forma de lápides ou monumentos funerários, distribuídas pela capela-mor (duas), pavimentos do braço esquerdo do transepto (cinco) e da nave (três), que apresentam inscrições em português ou latim, encontrando-se classificadas como Monumento Nacional.",-,0,389a3f05-daa4-421a-bc81-dbef2fad9890
47,0101004001001,2,Palácio Nacional da Ajuda,Largo da Ajuda,+351 213 637 095,,geral@pnajuda.dgpc.pt,http://www.palacioajuda.gov.pt/,"Classificado como Monumento Nacional, foi construído após o terramoto de 1755 para substituir a ''Real Barraca'', assim designada por ser de madeira. O projeto inicial (1795), de Manuel Caetano de Sousa, sofreu uma significativa alteração com o novo projeto (1802), de inspiração neoclássica em cantaria lavrada, da autoria dos arqs. Francisco Xavier Fabri e José  da Costa e Silva. O Palácio foi habitado com muitas interrupções, e mesmo inacabado funcionou  como Paço Real a partir de D. Luis I (1833-1889), que aí se instalou definitivamente. No vestíbulo, merecem destaque as 47 estátuas assinadas por artistas portugueses. Encerrado após a implantação da República, o interior do Palácio foi musealizado, a partir de 1968, oferecendo um importante acervo de mobiliário, ourivesaria, pratas e joalharia, com destaque para a coleção das Joias da Coroa Portuguesa.",CICL,0,6e54a75b-2c6a-459a-a398-353a74471f8c
48,5100906001001,2,Igreja de Santa Engrácia (Panteão Nacional),"Largo Dr. Bernardino António Gomes (Pai), Igreja de Santa Engrácia; Campo de Santa Clara, Igreja de Santa Engrácia",,,,,"Monumento Nacional e obra prima da arquitectura barroca,de influência italiana,do arq. João Antunes,foi construída sobre o templo primitivo,datado de 1568,que ruíu em 1681.As obras da actual igreja tiveram início no último quartel  do séc. XVII (1684),sendo abandonadas em 1712.Obras essas,concluídas somente em meados do séc. XX,com a construção da cúpula.Desde então alberga o Panteão Nacional,encontrando-se em 2 torreões distintos os túmulos dos Presidentes da República e de artistas célebres.De planta octogonal,centralizada por uma cruz grega,de topos arredondados,inscrita num quadrado formado por 4 torreões-bloco,apresenta a sua fachada principal rasgada por um portal enquadrado por colunas salomónicas de capitéis compósitos e remate de baixo-relevo com a padroeira.",CICL,0,9c6df1e1-e9ef-4e42-8fce-06a566f0e1ab
49,2000108003001,2,Teatro Nacional de São Carlos,"Rua Serpa Pinto, 9",+351 213 253 045,,info@saocarlos.pt,tnsc.pt,"Teatro lírico construído no séc. XVIII, segundo projeto do arq. José da Costa e Silva, foi inaugurado em 1793. Objeto de diversas intervenções ao longo da sua existência, encontra-se classificado como Monumento Nacional. De características neoclássicas e inspiração seiscentista e italiana, nomeadamente no Teatro di San Carlo de Nápoles e no Teatro alla Scala de Milão, foi concebido como teatro de corte para a burguesia e como primeiro teatro público, aberto a todo o cidadão que pagasse ingresso. De planta longitudinal, apresenta uma fachada sóbria, dividida em 3 corpos e desenvolvida em 2 pisos sobrepostos sobre mezanino e um 3º piso sobre o corpo central. Este corpo central, rasgado por um pórtico, apresenta ao nível térreo uma loggia composta de 3 arcos frontais e um lateral, em volta perfeita, surgindo coroado por um terraço perfeito de balaustrada em cantaria, ostentando colunas da ordem dórica adossadas ao mesmo e exibindo, no 3º piso, um relógio envolvido por grinaldas e duas janelas, encimado por dois pináculos e um brasão. No interior, o neoclássico confunde-se com algumas remanescências barroquizantes da decoração. São de destacar a sala de espetáculos, de planta elíptica com 5 ordens de camarotes, italianizantes, o salão nobre, assim como as pinturas atribuídas a Wolkmar Machado no teto do vestíbulo e no pano da boca de cena, a Manuel da Costa no teto do salão e a Giovanni Appianni no camarote real.",-,0,19e67e30-ea3b-4934-bbb0-6c54a1809a07
50,7,9,Cruzeiro de Arroios,"Rua de Arroios, (Adro da Igreja de Arroios)",,,,,"Cruzeiro erguido, no início do reinado de D. João III, pelo Senado da Câmara de Lisboa, para comemorar a beatificação da Rainha Santa Isabel, em 1517. Da sua localização original, no então Largo do Cruzeiro de Arroios, foi transferido para a Sacristia da Igreja de Arroios. A demolição desta última, implicou a colocação provisória do cruzeiro na Capela do Hospital de Arroios, encontrando-se, actualmente,abrigado no adro coberto da nova Paroquial de S. Jorge de Arroios, junto à entrada da igreja. Classificado como Monumento Nacional, trata-se de uma peça, em pedra lioz, de estilo manuelino, com algumas influências renascentistas, pelo acentuado naturalismo patente no grupo escultórico. Assente num soco hexagonal de base cilíndrica, com nó de encordoamento, e com fuste torso, decorado com motivos de temática vegetalista, evidencia a imagem do Santo Mártir São Vicente, padroeiro da cidade, com as armas de Lisboa (nau com os corvos), na mão esquerda, e a folha de palma do martírio, na direita. Sobre o capitel ergue-se uma cruz latina e apontada, exibindo, na face principal, a imagem de Cristo crucificado e, na face posterior, uma imagem de N. S. da Piedade.",CICL,0,5a0b2f6b-1bdd-4fbf-9c25-8c6c699d2772
51,3,9,Cruzeiro das Laranjeiras,"Campo Grande, 398, (Jardim do Palácio do Conde de Vimioso)",,,,,"O Cruzeiro das Laranjeiras,actualmente localizado no pátio do Palácio do Conde de Vimioso,ao Campo Grande,foi mandado erguer,possivelmente na 2ª metade do séc. XV,por Pedro Eanes,morador em Lisboa,no extremo da Quinta das Laranjeiras à Estrada de Benfica,facto que esteve na origem do seu nome.A transferência do local ocorreu após o cruzeiro ter sido desmontado para restauro,em 1914,e posteriormente recolocado nos terrenos do já referido palácio.Classificado como Monumento Nacional,trata-se de uma peça gótica,que foi objecto de várias transformações ao nível da base e do fuste.Assente num soco quadrangular escalonado emerge uma coluna lisa desprovida de base,coroada por capitel de cesto,decorado com elementos vegetalistas e encimado por ábaco circular com inscrição gótica,que atesta a acção mecenática de Pedro Eanes.Acima do capitel desenvolve-se uma cruz latina,cujos braços terminam em flor-de-liz,apresentando numa face a imagem de Cristo Crucificado e na face oposta a da Virgem com o Menino,ambas esculpidas em relevo.",CICL,0,1446f701-df75-4b90-b0c6-e8a06bcf41f0
52,39,9,Pelourinho,Praça do Município,,,,,"Erguido após o terramoto de 1755, em substituição do anterior, de acordo com o plano urbanístico de Eugénio dos Santos, foi objecto de alterações ao longo do tempo, que lhe conferiram o aspecto actual. Assente sobre uma base octogonal de cantaria, à qual se acede por cinco degraus, a coluna monolítica em mármore eleva-se ao centro, apresentando fuste em espiral. No soco, as faces são molduradas e lavradas e o capitel consiste em oito pequenas hastes torcidas. O coroamento é feito através de lanternim octogonal, rematado por uma esfera armilar metálica. Está classificado como Monumento Nacional.",CICL,0,1215d7c0-a4a9-4790-bfd8-1a053767dea9
53,37,9,Padrão do Campo Pequeno,"Rua do Arco do Cego, (junto ao Auditório ao Ar Livre da Sede da CGD)",,,,,"O Padrão do Campo Pequeno erguido, por ordem da Rainha Santa Isabel, no séc. XIV, como atesta uma inscrição que data de cerca de 1323, num local próximo daquele que actualmente ocupa, perdeu uma guarda de ferro, as colunas do capitel e a guarnição superior com a sua deslocação. Do padrão de outrora conserva uma coluna singela, cuja base apresenta uma lápide comemorativa, possivelmente gravada já no séc. XVII, da intervenção da Rainha Santa na querela entre o rei D. Dinis e seu filho D. Afonso IV, que conduziu às negociações de paz. Está classificado como Monumento Nacional.",CICL,0,ce418277-ca4b-4068-9801-2bea676df882
54,90834063,9083,Praça do Comércio (Terreiro do Paço),Praça do Comércio,,,,,"Obra de referência da reconstrução pombalina, delineada no plano de Eugénio dos Santos e Carlos Mardel, veio dar continuidade ao primitivo Terreiro do Paço, que à época dos Descobrimentos (séculos XV e XVI) era o centro da vida dos lisboetas e a principal saída da cidade para o mar. Praça de planta retangular, definida por 3 alas dispostas em U (O.,N. e E.) e aberta a S. sobre a paisagem e o estuário do Tejo, constituindo esta face o seu elemento de originalidade em relação à linha de praças que então se construíam na Europa e na qual esta se integrava perfeitamente. A proporção e harmonia das formas expressam-se: nas construções que a envolvem, projeto do arq. Manuel da Maia, de arquitetura arcaizante, apoiadas em arcadas de volta inteira, cobertas de soluções medievais; nos 2 torreões, de planta quadrada e inspiração setecentista, que rematam a face aberta ao rio, a S. das alas O. e E.; no Arco Triunfal, encimado por um monumental conjunto escultórico alegórico, aberto na ala  N. e no enfiamento da Rua Augusta, eixo principal do conjunto; e, para manter a tradição marítima da Praça, na recuperação de um antigo cais, desaparecido com o terramoto, nascendo, assim, o Cais das Colunas, que oferece uma bela panorâmica sobre o rio e a outra banda. No centro evidencia-se a estátua equestre de D. José I, executada por Machado de Castro. A Praça do Comércio está classificada como Monumento Nacional.",CICL,0,532affaf-5452-4c27-b3d9-8acf3a6b2557
55,0102310001001,2,Igreja da Memória,"Calçada da Memória, Igreja da Memória; Largo da Memória, Igreja da Memória",,,,,"Esta igreja,também conhecida por Igreja de N. S. do Livramento e de S. José,classificada como Monumento Nacional,foi construída em memória do atentado sofrido por D. José I,em 1758,da responsabilidade da família Távora,e do qual o rei escapou ileso.Iniciada em 1760,segundo projecto do arq. italiano Giovanni Carlo Bibienna,foi concluída pelo arq. Mateus Vicente de Oliveira.Trata-se de uma construção barroca com características neoclássicas,que se impõe pelas linhas equilibradas e harmoniosas,sendo coroada por um zimbório.No interior,igreja-salão de nave única,caracterizada pela sobriedade,merecem especial destaque os mármores lavrados e a tela do altar,da autoria de Pedro Alexandrino de Carvalho.Em 1923 foram para aqui transladados os restos mortais do Marquês de Pombal.
",CICL,0,807b6bfc-0c5b-4017-92f1-60a009eea3b0
56,3601108001001,2,Portal da Capela de Nossa Senhora dos Remédios,"Rua dos Remédios, Ermida; Beco do Espírito Santo, 16",,,,,"Da traça original da Capela de Nossa Senhora dos Remédios, edificada na 1ª metade do séc. XVI, subsiste o seu portal principal, manuelino, classificado como Monumento Nacional. Constituído por arco polilobado decorado com cogulhos e encimado por uma cruz, apresenta decoração vegetalista no intradorso do arco, evidenciando ao centro um escudo com a representação da pomba do Espírito Santo.",-,0,126c255d-b0ab-4b9a-9c90-51f71c37be98
57,2401302103001,2,Capela do Paço da Bemposta,"Paço da Rainha, 21-31",,,,,"Da autoria de João Antunes, a construção do Paço da Bemposta destinado a residência de D. Catarina de Bragança, mulher de Carlos II de Inglaterra e filha de D. João IV, remontam ao final do séc. XVII. Profundamente afetado pelo Terramoto de 1755,a capela foi destruída quase por completo. A sua reconstrução ficou a cargo do arq. Manuel Caetano de Sousa, tendo a capela sido edificada de raiz, mas conservando o enquadramento primitivo. O alçado principal desdobra-se em três corpos articulados, onde o corpo central corresponde à capela, dedicada a Nossa Senhora da Conceição. Uma escadaria antecede a galilé de acesso à capela, preenchida por estátuas de mármore da Escola de Mafra. No exterior, a fachada imponente destaca-se pelo coroamento de platibanda e balaústres, pelo remate com frontão triangular, decorado no tímpano, encimado por cruz sobre plinto, e pela varanda central, de balaustrada contracurvada, para a qual se abrem três janelões, sendo o central rematado por frontão tripartido ostentando as armas reais. No interior a capela organiza-se dentro de um retângulo de ângulos arredondados, a nave, com seis capelas laterais, constituindo a do Santíssimo Sacramento, pela sua profundidade, uma unidade espacial autónoma, à qual se justapõe a capela-mor. O programa decorativo é inspirado na obra-prima do barroco joanino, a Capela de S. João Baptista, da Igreja de S. Roque, mas atribuindo-lhe já um certo gosto rococó tardio, que se abre a manifestações neoclássicas. Merecem, ainda, destaque as pinturas em trompe l'oeil de Pedro Alexandrino de Carvalho e a tela do altar-mor, figurando a padroeira, atribuída ao pintor italiano José Troni, sob a qual foi colocado um friso de retratos de elementos da família real. Desde meados do séc. XIX o palácio acolhe a Escola do Exército, atual Academia Militar, e a capela voltou a abrir ao culto. A Capela está classificada como Monumento Nacional. O Paço Real da Bemposta integra a classificação de conjunto do Campo dos Mártires da Pátria como Imóvel de Interesse Público.",-,0,d5e54e00-b2c3-49dc-b70c-975820eb8819
58,2801301017003,2,Convento dos Paulistas,"Calçada do Combro, 84-96",,,,,"Convento da invocação do Santíssimo Sacramento fundado, em 1647, pelos Eremitas da Serra de Ossa, também conhecidos por Eremitas de São Paulo ou de Jesus Cristo, o que justifica as múltiplas designações deste edifício conventual. Classificado como Monumento Nacional, traduz uma arquitectura religiosa maneirista e apresenta planta articulada, em L, com a Igreja de Santa Catarina adossada a Este, formando um U. Construção austera, de linhas simples e sóbrias, cujas fachadas surgem rasgadas a ritmo regular por janelas idênticas, de verga recta, destacando-se a entrada principal e a janela de sacada em pedra, encimada por frontão curvo, localizada no andar nobre do corpo principal. Após a extinção das Ordens Religiosas, em 1834, o Convento foi objecto de várias ocupações. Já muito descaracterizado ainda é possível reconhecer no edifício vários elementos conventuais, tais como: parte do claustro quadrangular com arcada de arcos plenos, separados por pilastras; o longo e monumental corredor de acesso à zona das antigas celas dos monges; o átrio de acesso à Igreja de Santa Catarina; o espaço da antiga portaria, destacando-se os painéis de azulejos historiados sobre a vida de São Paulo Eremita e, no tecto, a pintura ornamental a têmpera e o brasão central da Ordem dos Religiosos Paulistas; uma escadaria de mármore; a sacristia poligonal com estuques atribuídos a João Grossi e dois belos lavabos; e a antiga livraria conventual, actual Biblioteca do Exército, considerada uma réplica, de menores dimensões, da existente no Convento de Mafra. No interior, podemos encontrar, ainda, bons exemplos de azulejaria, estuques e mobiliário.",-,0,630aadca-5b59-41ad-a552-194cffa2bc05
59,1900112002001,2,Igreja da Madalena (Portal),"Largo da Madalena, Igreja; Rua de Santo António da Sé, Igreja",,,,,"A primitiva Igreja da Madalena fundada no séc. XII, logo após a conquista da cidade aos mouros, foi várias vezes reedificada ao longo do tempo (sécs. XIII, XIV, XVII e após o Terramoto de 1755). O templo actual foi inaugurado em 1783 e reflecte a sobriedade característica da reconstrução pombalina e o aproveitamento de elementos antigos, pelo que um dos seus principais motivos de interesse é o seu pórtico manuelino, classificado como Monumento Nacional. Enquadrado por um arco trilobado, com decoração vegetalista e heráldica de tipologia manuelina, este portal, segundo alguns autores, provem da desaparecida Igreja da Conceição dos Freires. Merecem, no entanto, especial referência as pinturas do interior, algumas das quais da autoria de Pedro Alexandrino de Carvalho. Esta igreja integra os conjuntos: Baixa Pombalina, classificado como Imóvel de Interesse Público; e Lisboa Pombalina, Em Vias de Classificação para Monumento Nacional.
",CICL,0,29f546d3-980e-4ff6-8e7f-c2b48181fb76
60,3200614036001002,999,Lápide do Deus Esculápio,"Praça do Império Mosteiro R/C, Museu Nacional de Arqueologia",,,,,"Classificada como Monumento Nacional desde 1910,esta grande lápide,de calcário,com inscrição consacratória dedicada a Esculápio,Deus da Medicina,gravada em nome de dois sacerdotes do culto imperial e no do município olisiponense,encontra-se em exposição no Museu Nacional de Arqueologia,tendo sido encontrada nas ruínas de um complexo de galerias romanas abobadadas,datadas entre o séc. I a.C. e o séc. I d.C.,inicialmente identificado como 'termas romanas' da Rua da Prata e actualmente,parece ser mais consensual,identificá-lo como o criptopórtico que suportava o Fórum da cidade.Esse complexo terá sido descoberto quando,após o terramoto,em 1771,se abriam os caboucos para a construção de um prédio na esquina da Rua da Prata com a Rua dos Retroseiros (ou da Conceição).",-,0,97952b67-6d5b-4422-b7eb-cdb32e67c02f
61,3200614036001002,999,Estátuas Lusitanas de Montalegre,"Praça do Império Mosteiro R/C, Museu Nacional de Arqueologia",,,,,"Classificadas como Monumento Nacional,estas duas estátuas de época pré-romana,possivelmente datadas do séc. I a.C.,são oriundas de Montalegre,tendo sido trazidas para Lisboa no séc. XVIII e instaladas no Museu Nacional de Arqueologia.Talhadas em blocos monolíticos de granito,representam figuras de guerreiros,de pé,sustentando diante do corpo escudos circulares.São estátuas monumentais,que medem entre 2 e 2,5 metros de altura,apesar de se encontrarem amputadas ao nível das pernas.",-,0,36972589-93fe-409f-b4fe-914d34521bb4
62,4600702050,5,Jardim Botânico - Faculdade de Ciências,"Rua da Escola Politécnica, 52-58; Rua da Alegria",,,,"http://www.mnhnc.ul.pt/portal/page?_pageid=418,1391161&_dad=portal&_schema=PORTAL","O Jardim Botânico da Universidade de Lisboa, classificado como Monumento Nacional, é um jardim científico, projectado em meados do século XIX. Começado a plantar em 1873, por iniciativa dos professores Conde de Ficalho e Andrade Corvo, acabou por ser inaugurado em 1878, contando com cerca de 2500 táxones cultivados. Com cerca de 5 ha foi implantado na antiga cerca do Colégio, entre 1858 e 1875, para dar apoio aos alunos de Botânica e Princípios de Agricultura, sendo na actualidade uma das mais importantes reservas das espécies vegetais de Portugal, onde os exemplares estão catalogados com placas identificativas. É o sucessor do Jardim Botânico da Ajuda do qual recebeu muitos exemplares, cujas principais colecções são palmeiras e cicadáceas. Rodeia os edifícios do Museu Nacional de História Natural e do Museu da Ciência.Vista panorâmica sobre a cidade. Museu e Laboratório Botânico, Zoológico, Antropológico e Mineralógico instalado em edifício classicizante, inaugurado no local onde existiu o Jesuítico Colégio Real dos Nobres. Um incêndio destruiu o seu interior e as preciosas colecções. Conta igualmente, com esculturas ao ar livre, exposições sobre Ilustração Botânica e Gravuras"" para adquirir.",TURISMO/CICL,0,ed29cdb2-1a44-4d11-b20a-c21eaa00555e
63,3701,4,Chafariz da Esperança,"Rua da Esperança, (Santos-o-Velho) Largo da Esperança",,,,,"Localizado no antigo Largo da Esperança,viu alterada a sua envolvência com o arranjo urbanístico resultante da abertura da Av. D. Carlos I,em 1889,ficando encostado a um prédio,construído por essa altura,cuja fachada foi concebida como pano de fundo para o chafariz.Traduzindo uma arquitectura civil,de equipamento,barroca e rococó,é um dos mais interessantes,cenográficos e monumentais de Lisboa,que fazia parte de uma das principais linhas de abastecimento de água à cidade alimentadas pelo Aqueduto das Águas Livres.Projectado por Carlos Mardel em 1752,a sua obra teve início no ano seguinte,sob orientação do mesmo,sendo terminada,em 1768,já por Miguel Ângelo Blasco.Classificado como Monumento Nacional,obedece a um esquema vertical,apresentando,num plano inferior,um tanque largo,destinado a bebedouro dos animais,que recebe a água de carrancas de cantaria.Através de 2 lanços de escada laterais acede-se a um largo balcão,do tipo 'varanda de pavilhão solene',onde um segundo tanque recebe a água de carrancas de bronze.Neste balcão destaca-se o corpo central do chafariz,ladeado por 2 pilastras dóricas,cujo espelho central,definido por 2 colunas,sustenta um pequeno frontão curvo aberto,ostentando,em rocaille,as armas reais.A rematar este volume surgem,ao meio e nos cantos,3 pináculos em forma de vaso,com decorações folhosas,terminando em alcachofra.",TURISMO/CICL,0,f327d685-8f2a-4804-b262-bbbd0cf17ff9
